{
  "agent_position": {
    "x": -0.8432082533836365,
    "y": 0.900999128818512,
    "z": 0.63954758644104
  },
  "final_nav_rotation": {
    "x": -0.0,
    "y": 113.0,
    "z": -0.0
  },
  "target_position": {
    "x": -0.4651550054550171,
    "y": 1.1567251682281494,
    "z": 0.47574546933174133
  }
}