{
  "agent_position": {
    "x": -0.8286736011505127,
    "y": 0.900999128818512,
    "z": 0.1655755639076233
  },
  "target_position": {
    "x": -0.4651550054550171,
    "y": 1.1567251682281494,
    "z": 0.47574546933174133
  },
  "nav_rotation_current": 62.99999237060547,
  "calculated_ideal_yaw": 49.52774450879684,
  "distance_to_target": 0.4778610045266631
}