{
  "scene": "FloorPlan1",
  "target": {
    "objectId": "Apple|-00.47|+01.15|+00.48",
    "objectType": "Apple"
  },
  "agent": {
    "position": {
      "x": -1.0,
      "y": 0.900999128818512,
      "z": 1.0
    },
    "rotation": {
      "x": -0.0,
      "y": 270.0,
      "z": 0.0
    },
    "horizon": 0.0
  },
  "bbox_center_world": {
    "x": -0.4651550054550171,
    "y": 1.1567251682281494,
    "z": 0.47574546933174133
  },
  "xz_distance_to_target": 0.5353946679298929
}