{
  "scene": "FloorPlan1",
  "target": {
    "objectId": "Apple|-00.47|+01.15|+00.48",
    "objectType": "Apple"
  },
  "agent": {
    "position": {
      "x": -0.8443395495414734,
      "y": 0.900999128818512,
      "z": 0.8047956824302673
    },
    "rotation": {
      "x": -0.0,
      "y": 129.0,
      "z": -0.0
    },
    "cameraHorizon": 30.0
  },
  "bbox_center_world": {
    "x": -0.4651550054550171,
    "y": 1.1567251682281494,
    "z": 0.47574546933174133
  }
}