{
  "FloorPlan1": {
    "Apple": {
      "count": 35,
      "mean_position": {
        "x": -0.46516576409339905,
        "y": 1.151225209236145,
        "z": 0.47580063343048096
      },
      "last_position": {
        "x": -0.46516576409339905,
        "y": 1.151225209236145,
        "z": 0.47580063343048096
      },
      "last_seen_step": 16,
      "last_seen_episode": "1768061558",
      "last_confidence": 0.7793894410133362
    },
    "Bowl": {
      "count": 62,
      "mean_position": {
        "x": 0.14342371517366467,
        "y": 0.900999128818512,
        "z": -0.674242826295911
      },
      "last_position": {
        "x": -0.08149839155375961,
        "y": 0.900999128818512,
        "z": -0.6605678796768187
      },
      "last_seen_step": 0,
      "last_seen_episode": "1768236088",
      "last_confidence": 0.651047945022583
    }
  }
}