{
  "FloorPlan1": {
    "apple": {
      "count": 1,
      "mean_position": {
        "x": -0.5384765760917435,
        "y": 0.900999128818512,
        "z": 0.48737024783421734
      },
      "last_position": {
        "x": -0.5384765760917435,
        "y": 0.900999128818512,
        "z": 0.48737024783421734
      },
      "last_seen_step": 4,
      "last_seen_episode": "1767634648",
      "last_confidence": 0.7291669845581055
    }
  }
}